id,code,name,latitude,longitude,lmv,lcv,hmv,total_slots,area_lot
1,E-7,M/S nirmal Lifestyle,19.1768968,72.9594266,749,0,136,885,53770
2,W-14,M/S Vinita Estate,19.2396647,72.8479501,168,26,0,194,
3,E-3,Marathon (Chhaganlal Khimji),19.1706938,72.9435973,440,,,,22000
4,E-2,M/S Dura Tech,19.16951,72.9525028,192,,,192,9600
5,E-8,M/S Nirmal Lifestyle,19.166235,72.936941,1218,0,465,1683,116700
6,E-15,M/S Runwal Homes Pvt. Ltd.,19.1596483,72.944394,1152,0,117,1269,99297.7
7,E-5,M/S Runwal Developers Pvt. Ltd.,19.1813617,72.9468988,480,30,0,510,25950
8,E-19,M/S Ashford Infotech,19.1577008,72.9452648,254,0,36,289,16440
9,E-13,M/S Neptune Ventures,19.1426186,72.9298782,639,0,104,743,47468
10,E-6,M/S Lodha,19.1292046,72.9307915,402,0,0,402,19997.95
11,E-17,M/S Sripal Realty (Lodha),19.1182027,72.8906988,185,0,0,185,8800
12,E-12,M/S Wadhva,19.0989283,72.9189633,824,36,13,873,45100
13,E-4,M/S Central Marcantile (Kanakia),19.1136352,72.8922408,161,0,13,174,21031
14,E-21,M/S K D Patel,19.1120113,72.917499,486,68,0,554,28720
15,W-50,M/S Satellite Vijay Developers Pvt. Ltd. (Omkar),19.1317765,72.8565756,561,0,0,561,27939.92
16,W-44,M/S Patel Engineering Co. Ltd.,19.1417063,72.8445612,290,34,0,324,16710
17,W-48,M/S Nakta Investment Pvt. Ltd.,19.1414709,72.8326685,69,0,0,69,3450
18,W-8,M/S Runwal Developers Pvt. Ltd.,19.1413328,72.8285172,450,65,0,515,
19,W-47,M/S Kabra & Associates,19.1302827,72.8225142,144,0,0,144,7200
20,W-45,M/S Vardhaman Realtors,19.1612502,72.8502502,73,0,0,73,3597.03
21,W-17,M/S Ahuja Pvt. Ltd.,19.0654733,72.8294929,195,0,0,195,8483.96
22,W-7,M/S Pridehill Developers Pvt. Ltd.,19.0552527,72.8324043,92,0,0,92,4576.68
23,W-10,M/S Pranik Developers (Lodha),19.153778,72.8559688,982,20,21,1023,
24,W-4,M/S Neelkanth Tech Park,19.1078147,72.8835388,275,0,0,275,
25,W-1,M/S Rachna Astra,19.1634857,72.8466928,116,0,0,116,
26,W-2,M/S Romell Group,19.1697557,72.85325,306,0,0,306,
27,W-16,M/S HCC,19.1695904,72.8458665,227,0,0,227,
28,W-9,M/S Suyojna Impex,19.1658299,72.8515051,74,0,0,74,
29,W-29,M/S Oberoi Realty Ltd.,19.1704423,72.8612622,3500,0,132,3632,190840
30,W-5,M/S D B realty,19.1782256,72.844722,376,0,116,492,
31,W-12,M/S Rockford Developer Pvt. Ltd.,19.1112263,72.8735593,250,0,0,250,
32,W-19,M/S Ultraspace Developer Ltd.,19.0723097,72.8678091,409,0,0,409,
33,W-20,M/S Cloud Nine,19.0707271,72.8633802,80,0,0,80,
34,W-28,M/S Oberoi Realty,19.1395609,72.8642827,673,0,0,673,
35,W-27,M/S Shraddha Sheltors,19.0563965,72.8360793,102,0,0,102,
36,W-40,M/S TATA Housing,19.1151737,72.8453182,309,15,0,324,
37,W-46,M/S Zennia Enterprises,19.1404455,72.8445076,205,48,5,258,
38,W-39,M/S Dynacraft Machine,19.1375704,72.861983,99,82,111,292,
39,W-21,M/S Neepa Real Estate,19.1169977,72.883435,1282,210,25,1517,80720
40,C-54,M/S Swayam Realtors & Traders PPL,18.9740792,72.8308539,1280,0,0,1280,64000
41,C-5,M/S Lodha (Apollo mill),18.9868055,72.8293991,817,0,30,847,40413.35
42,C-4,M/S Genext Hardware & Parks Pvt. Ltd.(Raheja),18.9775835,72.8249928,258,1316,5,1597,
43,C-9,M/S Neelkamal Realtors,18.9777443,72.8262401,923,0,0,923,34262.1
44,C-26,M/S Neel Kamal Realtors & Builders Pvt. Ltd. (D B Realty),18.9680598,72.8235487,626,210,0,836,59940.76
45,C-32,M/S Simplex Mills,18.9801796,72.8305104,100,0,0,100,7990
46,C-53,M/S Mafatlal Mills,18.9788988,72.8405161,1635,0,0,1635,81510
47,C69,M/S Kathawala Realtors,18.9640672,72.8283843,279,100,0,379,20450
48,C-74,M/S Goodtime Real Estate Development Pvt. Ltd. (Penninsula),18.9825995,72.8356467,409,62,15,486,26280
49,C-13,M/S Suryodaya Estate,18.9717845,72.8146433,747,0,12,759,38790
50,C-21,M/S Rubberwala & Neo Ventures,18.9712533,72.8146684,152,0,0,152,7600
51,C-71,M/S Marine Drive Hospitality & Realty Pvt. Ltd.,18.9507799,72.8214436,779,24,4,807,40990
52,C-20,M/S Rubberwala,18.9608775,72.8241726,79,223,0,302,
53,C-65,M/S HBS (Vellard View CHS),18.9766056,72.8114927,235,0,0,235,11750
54,C-58,M/S Lodha,18.9681848,72.8102249,204,0,0,204,20251.04
55,C-48,M/S Goodwill Theaters Pvt. Ltd. (Novelty Cinema),18.9621518,72.8183029,160,0,0,160,7965.72
56,C-49,M/S Runwal Township Pvt. Ltd.,18.9512693,72.7967095,58,0,0,58,6150
57,C-44,M/S Hilton Infrastructure,18.9628682,72.8242368,220,112,0,332,
58,C-6,M/S Lodha,19.0042865,72.8296232,4328,0,237,4565,244932.01
59,C-8,M/S D B Realty,18.9864185,72.8242105,385,0,0,385,16455
60,C-3,M/S K. Raheja,19.0081249,72.8214244,794,9,0,803,33119.24
61,C-16,M/S Lodha,19.0019508,72.8286533,3856,0,0,3856,237033.1
62,C-1,M/S Indiabull,19.0075388,72.8327546,2370,0,0,2370,108396.93
63,C-33,M/S Shri Ram Mill (Palais Royalae),18.9991927,72.8213296,900,0,0,900,
64,C-17,M/S Marathon,18.9940387,72.8308884,493,0,0,493,24616.74
65,C-72,M/S Omkar,19.0080746,72.8232844,701,0,0,701,34762.4
66,C15,M/S D B Realty,19.0105802,72.8307687,2500,0,0,2500,89496.48
67,C-7,M/S Indiabull,19.0098719,72.8349573,890,0,427,1317,90437.56
68,C-18,M/S Kohonoor Mills,19.0242726,72.8425886,977,0,31,1008,52136.02
69,C-45,M/S United Shelters Pvt. Ltd. (Tadeshwarwadi),19.0370115,72.8468394,218,0,0,218,10900
70,C-2,M/S Kalpavruksha,19.0190489,72.8302085,172,0,0,172,8600
71,C-11,M/S Kalpataru,18.9982123,72.8422525,512,553,0,1065,
72,C-10,M/S Dosti,18.997395,72.8493366,166,31,0,197,10315
73,C-63,M/S Penninsula Realtors,18.9928869,72.8479491,166,75,36,277,17495
74,C-25,M/S Esque Finement Pvt. Ltd. (Lodha),18.9914059,72.840489,586,0,114,700,65663.08
75,C-27,M/S Byramji Jeejiboy,18.9895509,72.8385937,998,206,38,1242,26378.5
76,C-51,M/S Maitri asso. (Dosti),19.0433807,72.8674313,247,0,0,247,10678.72
77,C-73,M/S Maitri Associates (Dosti),19.0226391,72.867391,445,48,165,658,45170
78,C-43,M/S Shiv Sneha Associates,19.0204018,72.8501629,103,0,0,103,5150
79,C-76,M/S Satra Developers,19.0282504,72.8522069,221,10,0,231,11700
80,C-12,M/S PSK Developers Pvt. Ltd.,19.0139942,72.835848,212,0,0,212,10568.62
81,C-44,M/S Hilton Infrastructure,18.9983713,72.8189418,220,112,0,332,
82,W-53,M/S Meeti Developers Pvt. Ltd.,19.0651161,72.831956,142,0,0,142,7072.38
83,C-23,M/S Reliable Enterprises,18.976766,72.8279502,108,72,0,180,
84,E-7,M/S nirmal Lifestyle,19.1768968,72.9594266,749,0,136,885,53770
85,W-14,M/S Vinita Estate,19.2396647,72.8479501,168,26,0,194,
86,E-3,Marathon (Chhaganlal Khimji),19.1706938,72.9435973,440,,,,22000
87,E-2,M/S Dura Tech,19.16951,72.9525028,192,,,192,9600
88,E-8,M/S Nirmal Lifestyle,19.166235,72.936941,1218,0,465,1683,116700
89,C-54,M/S Swayam Realtors & Traders PPL,18.9725172,72.831792,1280,0,0,1280,64000
90,E-3,Marathon (Chhaganlal Khimji),19.1706938,72.9435973,440,,,,22000
91,E-2,M/S Dura Tech,19.16951,72.9525028,192,,,192,9600
92,E-8,M/S Nirmal Lifestyle,19.166235,72.936941,1218,0,465,1683,116700
93,,,19.131942,72.871068,,,,,
94,,,19.13889,72.830237,,,,,
95,,,19.140929,72.813669,,,,,
